epsilon,drug,B,alpha,js_global,n,prevalence,acc_tree_baseline,acc_tree_rappor,acc_tree_dpseg,acc_logreg_baseline,acc_logreg_rappor,acc_logreg_dpseg,delta_tree_rappor,delta_tree_dpseg,delta_logreg_rappor,delta_logreg_dpseg,match_rappor,hamming_rappor,match_dpseg,hamming_dpseg,mi_baseline,mi_rappor,mi_dpseg,mi_ratio_rappor,mi_ratio_dpseg,privacy_utility_score
1.0,marijuana,30,0.7,0.4409028347578777,173729,0.2363278439408504,0.3987220008245156,0.013187848339744093,0.09145702306079664,0.45853000674308836,0.32140579968884697,0.3239565349852747,-0.3855341524847715,-0.30726497776371897,-0.1371242070542414,-0.13457347175781365,0.0026996068589584927,0.9973003931410415,0.05086657955781706,0.949133420442183,0.039295271960494954,0.0013195333484599988,5.898536442209244e-05,0.033579952055977025,0.0015010804475763062,0.06347202660349033
1.0,cocaine,30,0.7,0.4409028347578777,173729,0.019357735323405994,0.04237214927436075,0.03789441805000852,0.03710292249047014,0.06908256880733946,0.03529785040057111,0.037463429461605684,-0.00447773122435223,-0.005269226783890607,-0.033784718406768346,-0.03161913934573377,0.002814728686632629,0.9971852713133673,0.0986709184995021,0.901329081500498,0.01013308479996462,0.0013369017447640143,8.608030463896639e-05,0.13193432909677044,0.00849497525563656,0.025749774096811135
1.0,crack,30,0.7,0.4409028347578777,173729,0.0028895578746208177,0.006547579812361304,0.003236245954692557,0.00816326530612245,0.012658227848101266,0.0060379528464634845,0.006299433051025408,-0.003311333857668747,0.001615685493761146,-0.006620275001637781,-0.006358794797075858,0.002751411681411854,0.9972485883185881,0.19578769232540336,0.8042123076745966,0.00417744958071124,0.001349616493121696,7.946727671974578e-05,0.3230718808321115,0.019022917017759895,0.005665382223704323
1.0,heroin,30,0.7,0.4409028347578777,173729,0.003154338078271331,0.007153515316422365,0.006263251055221645,0.006152268649064343,0.01611295681063123,0.005839165342836288,0.0065643573139359535,-0.0008902642612007199,-0.001001246667358022,-0.010273791467794943,-0.009548599496695277,0.0028204847780163357,0.9971795152219837,0.17701707832313546,0.8229829216768645,0.004382365129632597,0.001345634791969348,6.0606889043731356e-05,0.30705674953245204,0.013829721451989655,0.004269731796383161
1.0,methamphetamine,30,0.7,0.4409028347578777,173729,0.008593844435874264,0.01911978501255562,0.017076923076923076,0.016356934418676087,0.04434250764525994,0.01740820209708109,0.01631918404079796,-0.0020428619356325436,-0.002762850593879533,-0.026934305548178848,-0.02802332360446198,0.0027629238641792677,0.9972370761358207,0.17558381156859246,0.8244161884314075,0.008466845057088218,0.0016197267771208463,7.063962261763853e-05,0.19130228157002283,0.008343086727269316,0.011351864972508452
1.0,inhalants,30,0.7,0.4409028347578777,173729,0.012467693937108946,0.026549218959023648,0.02469797629760104,0.023888520238885203,0.039951573849878935,0.023832933495890194,0.025485483194078822,-0.0018512426614226071,-0.002660698720138445,-0.01611864035398874,-0.014466090655800113,0.0025959972140517703,0.9974040027859482,0.06902704787341205,0.9309729521265879,0.005385106667635345,0.0015013032913797047,9.84584839465304e-05,0.2787880322598962,0.01828347886556619,0.016578855744217694
1.0,hallucinogens,30,0.7,0.4409028347578777,173729,0.037564252370070626,0.07851967085601998,0.07267382365527378,0.046368411519652236,0.12186291450670617,0.0694874710795655,0.0728045075075961,-0.005845847200746199,-0.03215125933636774,-0.052375443427140664,-0.04905840699911007,0.002636289853737718,0.9973637101462622,0.05829193744279884,0.9417080625572012,0.013547617218109237,0.0013810381882403203,9.043966513463096e-05,0.10193956368905024,0.006675687958893564,0.032180109859693454
1.0,tobacco,30,0.7,0.4409028347578777,173729,0.16289163006751894,0.302540500736377,0.27987457902682616,0.17058925576822992,0.40186823015005463,0.24503056974923945,0.2324662495884096,-0.02266592170955084,-0.13195124496814709,-0.15683766040081518,-0.16940198056164502,0.0028319969607837493,0.9971680030392163,0.04233029603577986,0.9576697039642201,0.05429988181042541,0.0015720723568856169,6.833479570385629e-05,0.02895167179873647,0.0012584704317116252,0.11839053380507429
1.0,nicotine_vaping,30,0.7,0.4409028347578777,115739,0.1784532439367888,0.3278776929921536,0.009728542287776558,0.2981266582692359,0.4122025176881375,0.25314408911246855,0.27151140316969463,-0.31814915070437705,-0.02975103472291768,-0.15905842857566893,-0.14069111451844285,0.0026179593741089864,0.997382040625891,0.03931259126137257,0.9606874087386275,0.05483569776743507,0.0021732639576917566,0.00013822135713163547,0.039632284190288525,0.002520645542213199,0.20690268009593557
1.0,opioid_misuse,30,0.7,0.4409028347578777,173729,0.22239810279227992,0.37221374045801525,0.005632841170948195,0.3568220535852563,0.3906582997868814,0.308217154216026,0.30854339543865145,-0.36658089928706705,-0.015391686872758936,-0.08244114557085536,-0.08211490434822993,0.002751411681411854,0.9972485883185881,0.04821302142992822,0.9517869785700718,0.020121341735948026,0.0015686469484855353,0.0001052422863120411,0.07795936121312677,0.005230381139246754,0.24763783162742886
1.0,tranquilizer_misuse,30,0.7,0.4409028347578777,173729,0.09864213804258357,0.12740167633784655,0.17939219438543513,0.06377277599142551,0.25456872644528195,0.1676661363358218,0.15173455336916447,0.051990518047588585,-0.06362890034642103,-0.08690259010946014,-0.10283417307611747,0.002912582240155645,0.9970874177598443,0.05025643387114414,0.9497435661288559,0.024262844133152273,0.001421654021305471,0.0001060885376500014,0.05859387355841564,0.0043724691576880765,0.044258901053617246
1.0,sedative_misuse,30,0.7,0.4409028347578777,173729,0.042117320654582714,0.11339846475924634,0.08042088042831648,0.065643952907599,0.12302779864763336,0.07660319544758153,0.07977943742583933,-0.03297758433092986,-0.047754511851647335,-0.04642460320005183,-0.04324836122179403,0.0028032165038652155,0.9971967834961348,0.06387534608499444,0.9361246539150055,0.009880353638596753,0.001431836005592917,9.335076571964177e-05,0.1449174855441988,0.009448119888641943,0.0455575152773084
1.0,stimulant_misuse,30,0.7,0.4409028347578777,173729,0.0796470364763511,0.11082547843473294,0.1473419087883422,0.14631050825946418,0.1956482647005934,0.13656122517220626,0.138326195161477,0.036516430353609255,0.03548502982473124,-0.05908703952838715,-0.057322069539116394,0.0025787289399006497,0.9974212710600994,0.05128677422882766,0.9487132257711723,0.01357721918821553,0.0012848183967639154,7.804207323082522e-05,0.094630452595115,0.005748016007472469,0.10154085669770334
1.0,pain_reliever_misuse,30,0.7,0.4409028347578777,173729,0.22173039619176993,0.3726790450928382,0.0096430384029775,0.17935036004766097,0.39089161959117114,0.30537167661421594,0.2942469446968143,-0.36303600668986075,-0.19332868504517725,-0.0855199429769552,-0.09664467489435685,0.0028319969607837493,0.9971680030392163,0.051781798087826444,0.9482182019121735,0.019851978802733566,0.0013229215718279638,7.410913246111081e-05,0.06663927989112102,0.003733085411662145,0.12447082184955109
3.0,marijuana,30,0.7,0.4052837335586774,173729,0.2363278439408504,0.3987220008245156,0.38198956142400875,0.371071630804077,0.45853000674308836,0.32725791670909277,0.3036094036764063,-0.016732439400506838,-0.027650370020438575,-0.1312720900339956,-0.15492060306668204,0.0028204847780163357,0.9971795152219837,0.051954480829337644,0.9480455191706624,0.039295271960494954,0.0014328188535173683,6.784339171826042e-05,0.0364628817166054,0.0017265026638946788,0.2640545976180852
3.0,cocaine,30,0.7,0.4052837335586774,173729,0.019357735323405994,0.04237214927436075,0.006779661016949152,0.029968900197907832,0.06908256880733946,0.03819538408010206,0.032995822417333426,-0.0355924882574116,-0.012403249076452915,-0.030887184727237393,-0.03608674639000603,0.0029758992453764194,0.9970241007546236,0.08200127785228718,0.9179987221477128,0.01013308479996462,0.0016422645655661157,7.544349951625059e-05,0.16206955709793822,0.0074452647940451465,0.021325871411046603
3.0,crack,30,0.7,0.4052837335586774,173729,0.0028895578746208177,0.006547579812361304,0.010309278350515464,0.00822429906542056,0.012658227848101266,0.005749086479902558,0.0068834212067955475,0.00376169853815416,0.0016767192530592568,-0.006909141368198707,-0.005774806641305718,0.002929850514306765,0.9970701494856933,0.21293508855746593,0.7870649114425341,0.00417744958071124,0.0015119617215509679,7.379416216350878e-05,0.36193416397704214,0.017664883977114288,0.005852411772100795
3.0,heroin,30,0.7,0.4052837335586774,173729,0.003154338078271331,0.007153515316422365,0.004484304932735426,0.0055192838392676856,0.01611295681063123,0.005924064267121444,0.005403201141808543,-0.002669210383686939,-0.0016342314771546794,-0.010188892543509787,-0.010709755668822686,0.0029183383315393514,0.9970816616684607,0.18613472707492704,0.8138652729250729,0.004382365129632597,0.0014926748135409016,5.358409899948937e-05,0.34060941281404417,0.012227210059966336,0.003927522753921658
3.0,methamphetamine,30,0.7,0.4052837335586774,173729,0.008593844435874264,0.01911978501255562,0.01707260675196547,0.01354872329338197,0.04434250764525994,0.01751741557013077,0.01705237515225335,-0.0020471782605901503,-0.00557106171917365,-0.02682509207512917,-0.02729013249300659,0.002964387062609006,0.997035612937391,0.16110148564718613,0.8388985143528138,0.008466845057088218,0.001566814953845936,7.51978799265817e-05,0.18505298529518266,0.008881452231563872,0.009641272413416323
3.0,inhalants,30,0.7,0.4052837335586774,173729,0.012467693937108946,0.026549218959023648,0.02467673854498921,0.0247382349557013,0.039951573849878935,0.025014749262536874,0.023842169408897013,-0.001872480414034438,-0.0018109840033223475,-0.014936824587342062,-0.016109404440981922,0.0030967771644342624,0.9969032228355658,0.07421328621013187,0.9257867137898681,0.005385106667635345,0.0016595280911109705,6.84285902356647e-05,0.30816995716812534,0.012707007392615379,0.017603729670345864
3.0,hallucinogens,30,0.7,0.4052837335586774,173729,0.037564252370070626,0.07851967085601998,0.07266656662665066,0.04546393883033684,0.12186291450670617,0.06782968426804044,0.07093204709887928,-0.005853104229369313,-0.033055732025683134,-0.05403323023866573,-0.05093086740782689,0.0028838017832371107,0.9971161982167629,0.05331291839589245,0.9466870816041075,0.013547617218109237,0.0014423066800223162,6.762404567421394e-05,0.10646201887770865,0.004991582252842234,0.03235214195158013
3.0,tobacco,30,0.7,0.4052837335586774,173729,0.16289163006751894,0.302540500736377,0.28007216989720757,0.14393597108371523,0.40186823015005463,0.24328163501956807,0.23505785598163909,-0.022468330839169437,-0.15860452965266178,-0.15858659513048656,-0.16681037416841554,0.003171606352422451,0.9968283936475776,0.04367722141956726,0.9563227785804327,0.05429988181042541,0.0013443200964427344,7.444075889788751e-05,0.024757330064475926,0.0013709193540748209,0.10242484677398082
3.0,nicotine_vaping,30,0.7,0.4052837335586774,115739,0.1784532439367888,0.3278776929921536,0.302443092621664,0.10734277247283504,0.4122025176881375,0.26616731263336674,0.25338138250573317,-0.025434600370489557,-0.22053492051931856,-0.14603520505477074,-0.15882113518240432,0.0031190869110671424,0.9968809130889329,0.0388719446340473,0.9611280553659527,0.05483569776743507,0.0023512908325291817,7.900786066936377e-05,0.04287883492430961,0.0014408107106514045,0.07638512416350612
3.0,opioid_misuse,30,0.7,0.4052837335586774,173729,0.22239810279227992,0.37221374045801525,0.3632345047519813,0.10134128166915052,0.3906582997868814,0.31591645932292844,0.28184562837363913,-0.008979235706033928,-0.27087245878886473,-0.07474184046395294,-0.10881267141324225,0.0032003868093409852,0.996799613190659,0.05011253158655147,0.9498874684134485,0.020121341735948026,0.001395404551944061,6.0536897791633494e-05,0.06934947829304465,0.0030085915037902553,0.07211446290103879
3.0,tranquilizer_misuse,30,0.7,0.4052837335586774,173729,0.09864213804258357,0.12740167633784655,0.011845271145659819,0.12703412073490813,0.25456872644528195,0.16200525902400711,0.15892328847035292,-0.11555640519218673,-0.00036755560293841305,-0.09256346742127483,-0.09564543797492903,0.0029413626970741786,0.9970586373029259,0.04960599554478527,0.9503940044552147,0.024262844133152273,0.0013909856126851344,0.00011312788793777385,0.05732986640195734,0.00466259797560988,0.0903974889207695
3.0,sedative_misuse,30,0.7,0.4052837335586774,173729,0.042117320654582714,0.11339846475924634,0.011244979919678716,0.05008773329079598,0.12302779864763336,0.07458463324385112,0.07396989508894633,-0.10215348483956763,-0.06331073146845036,-0.04844316540378224,-0.04905790355868703,0.0030737527988994352,0.9969262472011006,0.06697212324942871,0.9330278767505713,0.009880353638596753,0.001434238409638709,6.545218684022636e-05,0.14516063514528263,0.006624478154763916,0.035642434402877524
3.0,stimulant_misuse,30,0.7,0.4052837335586774,173729,0.0796470364763511,0.11082547843473294,0.1472425582186264,0.14594850734481124,0.1956482647005934,0.13399249914763042,0.1432266920071798,0.036417079783893455,0.035123028910078305,-0.06165576555296298,-0.052421572693413604,0.003056484524748315,0.9969435154752517,0.0525934069729291,0.9474065930270709,0.01357721918821553,0.0014350395730232455,7.664116605751118e-05,0.10569466052877759,0.005644835293226508,0.10385696771371415
3.0,pain_reliever_misuse,30,0.7,0.4052837335586774,173729,0.22173039619176993,0.3726790450928382,0.3625142423091531,0.14157316571697115,0.39089161959117114,0.3076548552880714,0.31215455343767756,-0.010164802783685145,-0.23110587937586707,-0.08323676430309973,-0.07873706615349357,0.003234923357643226,0.9967650766423568,0.05212716357084885,0.9478728364291511,0.019851978802733566,0.001525883063948086,7.518873469032714e-05,0.07686302101722856,0.0037874680120036116,0.10074347431493967
5.0,marijuana,30,0.7,0.40247649792706774,173729,0.2363278439408504,0.3987220008245156,0.38210116731517507,0.3752947669459636,0.45853000674308836,0.3198781009409752,0.33859200303202575,-0.016620833509340516,-0.023427233878552,-0.13865190580211317,-0.11993800371106261,0.0028895578746208177,0.9971104421253791,0.05213291966223256,0.9478670803377675,0.039295271960494954,0.0014563278214119147,0.00011559848960749014,0.03706114625891932,0.002941791310763945,0.2675943358057469
5.0,cocaine,30,0.7,0.40247649792706774,173729,0.019357735323405994,0.04237214927436075,0.038206360100663465,0.037648612945838836,0.06908256880733946,0.03651004612618247,0.0363878566921405,-0.004165789173697282,-0.0047235363285219115,-0.032572522681156985,-0.032694712115198955,0.003033460159213488,0.9969665398407865,0.0817537659227878,0.9182462340772122,0.01013308479996462,0.001460207104434748,4.433089934425166e-05,0.14410291962027658,0.004374867103096428,0.026844380637740042
5.0,crack,30,0.7,0.40247649792706774,173729,0.0028895578746208177,0.006547579812361304,0.005291005291005291,0.005349153861116515,0.012658227848101266,0.005303281405369572,0.005303507666456627,-0.001256574521356013,-0.001198425951244789,-0.0073549464427316935,-0.007354720181644639,0.003114045438585383,0.9968859545614146,0.21595703653391202,0.7840429634660879,0.00417744958071124,0.0014268242002527243,9.511545900775895e-05,0.34155390093536386,0.022768786832746135,0.0038140773617403494
5.0,heroin,30,0.7,0.40247649792706774,173729,0.003154338078271331,0.007153515316422365,0.00784313725490196,0.0064068549417290645,0.01611295681063123,0.005743317870554451,0.006664895800632682,0.0006896219384795958,-0.0007466603746933004,-0.010369638940076779,-0.009448061009998548,0.0031025332558179694,0.996897466744182,0.18575482504360238,0.8142451749563976,0.004382365129632597,0.0014144253791660696,0.00011097804743362644,0.32275388684572026,0.02532377931797994,0.004568244067689352
5.0,methamphetamine,30,0.7,0.40247649792706774,173729,0.008593844435874264,0.01911978501255562,0.0,0.010459035444509006,0.04434250764525994,0.017312627778502763,0.016969502921636116,-0.01911978501255562,-0.008660749568046614,-0.027029879866757176,-0.027373004723623823,0.0030737527988994352,0.9969262472011006,0.16010568183780485,0.8398943181621952,0.008466845057088218,0.0016652704273830152,8.375717354693282e-05,0.19668133952550543,0.009892371123150947,0.007457547744983961
5.0,inhalants,30,0.7,0.40247649792706774,173729,0.012467693937108946,0.026549218959023648,0.024665391969407265,0.024476904855902093,0.039951573849878935,0.024193548387096774,0.023285821455363842,-0.0018838269896163835,-0.002072314103121555,-0.01575802546278216,-0.016665752394515093,0.003108289347201676,0.9968917106527984,0.07238860524149682,0.9276113947585032,0.005385106667635345,0.001439199281905263,5.362526662562326e-05,0.2672554827102858,0.009958069530528104,0.01745263103665567
5.0,hallucinogens,30,0.7,0.40247649792706774,173729,0.037564252370070626,0.07851967085601998,0.007971656333038087,0.04957713619130942,0.12186291450670617,0.06826703776721173,0.06318681318681318,-0.07054801452298189,-0.028942534664710556,-0.05359587673949444,-0.05867610131989298,0.0032809720887128804,0.9967190279112871,0.05313447956299754,0.9468655204370025,0.013547617218109237,0.001462088985886931,4.5551653618419816e-05,0.10792222442870189,0.003362336925015158,0.035349709078609855
5.0,tobacco,30,0.7,0.40247649792706774,173729,0.16289163006751894,0.302540500736377,0.28007145692735214,0.2757865022471493,0.40186823015005463,0.24528678588745328,0.2521167499342624,-0.02246904380902487,-0.026753998489227715,-0.15658144426260134,-0.1497514802157922,0.003091021073050556,0.9969089789269494,0.04442551329944914,0.9555744867005509,0.05429988181042541,0.0015069257881050273,9.470586175932064e-05,0.02775191653945188,0.0017441264806056613,0.1966425124804415
5.0,nicotine_vaping,30,0.7,0.40247649792706774,115739,0.1784532439367888,0.3278776929921536,0.3022837574831859,0.298632797123888,0.4122025176881375,0.25804704076565393,0.2755196799771412,-0.025593935508967658,-0.029244895868265564,-0.15415547692248355,-0.13668283771099626,0.0029290040522209453,0.997070995947779,0.038284415797613595,0.9617155842023865,0.05483569776743507,0.0022326047286981648,0.00011882568412956585,0.04071444003807366,0.002166940313835709,0.21293247877257312
5.0,opioid_misuse,30,0.7,0.40247649792706774,173729,0.22239810279227992,0.37221374045801525,0.36308589725299983,0.18500251635631607,0.3906582997868814,0.303331321003238,0.3072100313479624,-0.009127843205015418,-0.1872112241016992,-0.08732697878364337,-0.083448268438919,0.0030967771644342624,0.9969032228355658,0.05023916559699302,0.949760834403007,0.020121341735948026,0.0014426297920167857,7.551099802063747e-05,0.07169650070797406,0.0037527814502415807,0.1319113130450024
5.0,tranquilizer_misuse,30,0.7,0.40247649792706774,173729,0.09864213804258357,0.12740167633784655,0.005979073243647235,0.08189990012207302,0.25456872644528195,0.1639136362195238,0.1612603648424544,-0.12142260309419932,-0.04550177621577353,-0.09065509022575816,-0.09330836160282754,0.003148581986887624,0.9968514180131124,0.05109682321316533,0.9489031767868347,0.024262844133152273,0.0014656650719560272,4.314930087028022e-05,0.060407801489083104,0.001778410669148299,0.058396629279082596
5.0,sedative_misuse,30,0.7,0.40247649792706774,173729,0.042117320654582714,0.11339846475924634,0.0075440067057837385,0.08107192592871391,0.12302779864763336,0.07995686334925281,0.07948870392390012,-0.1058544580534626,-0.03232653883053242,-0.04307093529838055,-0.04353909472373324,0.0030449723419809015,0.9969550276580191,0.0671332938081725,0.9328667061918275,0.009880353638596753,0.0015635376935942645,7.788928597912063e-05,0.1582471387953604,0.00788324880142476,0.05780626345506851
5.0,stimulant_misuse,30,0.7,0.40247649792706774,173729,0.0796470364763511,0.11082547843473294,0.14726738772294248,0.14725258272196437,0.1956482647005934,0.1349630587994961,0.14205024663275997,0.03644190928820955,0.036427104287231435,-0.0606852059010973,-0.05359801806783343,0.0030219479764460743,0.9969780520235539,0.052627943521231346,0.9473720564787687,0.01357721918821553,0.0015190624996897287,7.339777126267135e-05,0.11188318304592244,0.005405950235109824,0.10499468828148725
5.0,pain_reliever_misuse,30,0.7,0.40247649792706774,173729,0.22173039619176993,0.3726790450928382,0.0101763907734057,0.3479342679416953,0.39089161959117114,0.3106014460128711,0.3211142645901405,-0.3625026543194325,-0.024744777151142927,-0.08029017357830004,-0.06977735500103066,0.0031658502610387444,0.9968341497389612,0.05391730799118167,0.9460826920088183,0.019851978802733566,0.0015041993734917726,9.569356679002897e-05,0.07577075255010086,0.004820354068525008,0.24808563170645642
10.0,marijuana,30,0.7,0.4003606511606134,173729,0.2363278439408504,0.3987220008245156,0.3820931790214801,0.3767324860661263,0.45853000674308836,0.322921249450066,0.33578363384188625,-0.016628821803035487,-0.021989514758389284,-0.13560875729302235,-0.1227463729012021,0.003056484524748315,0.9969435154752517,0.05079175036982887,0.9492082496301711,0.039295271960494954,0.0014437382543015023,7.732838009125902e-05,0.0367407624956241,0.0019678800077780403,0.2690253298347764
10.0,cocaine,30,0.7,0.4003606511606134,173729,0.019357735323405994,0.04237214927436075,0.03820591697998557,0.03830216630525796,0.06908256880733946,0.039093554071220754,0.03957294463623578,-0.004166232294375176,-0.004069982969102784,-0.029989014736118702,-0.029509624171103678,0.0030161918850623672,0.9969838081149376,0.08392381237444525,0.9160761876255548,0.01013308479996462,0.001660765118059015,0.0001242417036404073,0.16389531429410456,0.012260995155279971,0.027351644216447583
10.0,crack,30,0.7,0.4003606511606134,173729,0.0028895578746208177,0.006547579812361304,0.0,0.005799827572693785,0.012658227848101266,0.00646531818601644,0.00590045096303789,-0.006547579812361304,-0.0007477522396675184,-0.006192909662084825,-0.006757776885063376,0.00326370381456176,0.9967362961854382,0.19537900983716017,0.8046209901628398,0.00417744958071124,0.0016005009337727782,0.0001152787158586422,0.3831287255178031,0.02759547748725077,0.00414166705404562
10.0,heroin,30,0.7,0.4003606511606134,173729,0.003154338078271331,0.007153515316422365,0.00796812749003984,0.0063070210234034115,0.01611295681063123,0.005667698478440947,0.006449393756986843,0.0008146121736174756,-0.0008464942930189534,-0.010445258332190283,-0.009663563053644388,0.0029413626970741786,0.9970586373029259,0.18657794611147246,0.8134220538885275,0.004382365129632597,0.0014272939193521574,8.089645973008445e-05,0.3256903240903199,0.01845954349697615,0.00450385478781925
10.0,methamphetamine,30,0.7,0.4003606511606134,173729,0.008593844435874264,0.01911978501255562,0.017159786079796853,0.017071069346210103,0.04434250764525994,0.01770525950355841,0.017368868191686856,-0.001959998932758767,-0.0020487156663455165,-0.026637248141701528,-0.026973639453573083,0.003142825895503917,0.996857174104496,0.16031865721900201,0.8396813427809979,0.008466845057088218,0.0015171219218774277,5.2733286937814734e-05,0.1791838532119273,0.006228209750179356,0.012190480596596075
10.0,inhalants,30,0.7,0.4003606511606134,173729,0.012467693937108946,0.026549218959023648,0.0,0.012084592145015106,0.039951573849878935,0.02483355797900584,0.025910554284162755,-0.026549218959023648,-0.014464626814008542,-0.015118015870873094,-0.01404101956571618,0.003033460159213488,0.9969665398407865,0.0723770930587294,0.9276229069412706,0.005385106667635345,0.0014928936971395652,4.957539318243786e-05,0.27722639295371837,0.009206018792605814,0.008629628471065251
10.0,hallucinogens,30,0.7,0.4003606511606134,173729,0.037564252370070626,0.07851967085601998,0.07239229552433238,0.0724858843277888,0.12186291450670617,0.0729050279329609,0.07027161724395714,-0.006127375331687598,-0.00603378652823118,-0.048957886573745266,-0.051591297262749025,0.003327020819782535,0.9966729791802175,0.053842478803193476,0.9461575211968065,0.013547617218109237,0.0015957926820489967,6.543916547308167e-05,0.11779139138326734,0.0048303081213136485,0.05176229728228423
10.0,tobacco,30,0.7,0.4003606511606134,173729,0.16289163006751894,0.302540500736377,0.010516689529035207,0.09695584754753937,0.40186823015005463,0.24246047165017784,0.23973042362002567,-0.2920238112073418,-0.20558465318883762,-0.1594077584998768,-0.16213780653002896,0.003171606352422451,0.9968283936475776,0.04450034248743733,0.9554996575125627,0.05429988181042541,0.001533065348331902,8.788167400013754e-05,0.02823330911997599,0.0016184505577186087,0.06923634098629003
10.0,nicotine_vaping,30,0.7,0.4003606511606134,115739,0.1784532439367888,0.3278776929921536,0.3026682986536108,0.29594272076372313,0.4122025176881375,0.2596555323590814,0.2551625810605712,-0.0252093943385428,-0.03193497222843045,-0.15254698532905608,-0.15703993662756627,0.003421491459231547,0.9965785085407685,0.03939899256084811,0.9606010074391519,0.05483569776743507,0.0021557867595925024,0.00011016398832447666,0.0393135648375527,0.0020089830677763173,0.21133321656706575
10.0,opioid_misuse,30,0.7,0.4003606511606134,173729,0.22239810279227992,0.37221374045801525,0.3635360509473817,0.14823222291583907,0.3906582997868814,0.3157343180797445,0.31017770597738287,-0.00867768951063358,-0.22398151754217618,-0.07492398170713688,-0.08048059380949851,0.0029816553367601265,0.9970183446632399,0.04953692244818079,0.9504630775518192,0.020121341735948026,0.0014012355885868629,0.0001202926084715168,0.06963927192208402,0.005978359199406995,0.10585289067711577
10.0,tranquilizer_misuse,30,0.7,0.4003606511606134,173729,0.09864213804258357,0.12740167633784655,0.17965482090758902,0.09682939104177152,0.25456872644528195,0.16454565063322343,0.15992927750542474,0.05225314456974248,-0.03057228529607503,-0.09002307581205851,-0.09463944893985721,0.0032234111748758124,0.9967765888251242,0.05073994554737551,0.9492600544526245,0.024262844133152273,0.0015854693045095642,8.938761744991825e-05,0.0653455669009228,0.0036841359965619517,0.06914603817346603
10.0,sedative_misuse,30,0.7,0.4003606511606134,173729,0.042117320654582714,0.11339846475924634,0.0806672845227062,0.0802458219117517,0.12302779864763336,0.07835325365205843,0.07708742097231305,-0.03273118023654013,-0.03315264284749464,-0.044674544995574925,-0.045940377675320304,0.0032176550834921054,0.9967823449165079,0.06841114609535541,0.9315888539046446,0.009880353638596753,0.0016368886378078798,0.00010173700440176294,0.1656710577052136,0.010296899091175852,0.057303682337292376
10.0,stimulant_misuse,30,0.7,0.4003606511606134,173729,0.0796470364763511,0.11082547843473294,0.14774716832815235,0.1445272410869662,0.1956482647005934,0.13550173495496126,0.13893538667559424,0.036921689893419415,0.03370176265223328,-0.060146529745632143,-0.056712878024999164,0.0034191182819218436,0.9965808817180781,0.05361799123922891,0.946382008760771,0.01357721918821553,0.0016406850222487218,9.227611369078863e-05,0.12084102049945317,0.006796392723104928,0.10320715664724127
10.0,pain_reliever_misuse,30,0.7,0.4003606511606134,173729,0.22173039619176993,0.3726790450928382,0.013209597859710726,0.3574978174736418,0.39089161959117114,0.30785334693220245,0.3080979880283733,-0.3594694472331275,-0.015181227619196436,-0.08303827265896868,-0.08279363156279784,0.003315508637015121,0.9966844913629849,0.052691260526452115,0.9473087394735479,0.019851978802733566,0.0016534312003240713,6.324066253063018e-05,0.08328797933717308,0.0031856100169682885,0.25528981921717736
