group,members,K_new,B,alpha,acc_baseline,acc_rappor,acc_dpseg,mi_baseline,mi_rappor,mi_dpseg,mi_ratio_rappor,mi_ratio_dpseg,privacy_utility_score,js_divergence,n,prevalence,epsilon,js_global
illicit,"marijuana,cocaine,crack,heroin,methamphetamine,inhalants,hallucinogens",639,30,0.7,0.4153650038242543,0.012071827372868568,0.385988260988261,0.038761922583588224,0.001369057171253304,5.6316279735592594e-05,0.03531964051321237,0.00145287632764214,0.26755784584332654,0.44263480583665477,173729,0.24872646478135488,1,0.4409028347578777
illicit,"marijuana,cocaine,crack,heroin,methamphetamine,inhalants,hallucinogens",639,30,0.7,0.4153650038242543,0.012071827372868568,0.385988260988261,0.038761922583588224,0.001369057171253304,5.6316279735592594e-05,0.03531964051321237,0.00145287632764214,0.26755784584332654,0.44263480583665477,173729,0.24872646478135488,1,0.4409028347578777
illicit,"marijuana,cocaine,crack,heroin,methamphetamine,inhalants,hallucinogens",500,30,0.7,0.4147080611488989,0.0266843579537078,0.39419295321022224,0.033450813670464874,0.0011590274384719263,8.483579587789496e-05,0.03464870690112032,0.002536135494748818,0.27790531847808314,0.4184433582234952,173729,0.24872646478135488,1,0.4409028347578777
illicit,"marijuana,cocaine,crack,heroin,methamphetamine,inhalants,hallucinogens",200,30,0.7,0.4045666505869111,0.39145732755093693,0.09616342800199303,0.01614016299894526,0.0004354201739750235,0.00011215166256132482,0.02697743349949302,0.006948607803319818,0.07501447644999007,0.2819316024434609,173729,0.24872646478135488,1,0.4409028347578777
illicit,"marijuana,cocaine,crack,heroin,methamphetamine,inhalants,hallucinogens",100,30,0.7,0.41022122498933744,0.027484912382752854,0.1255803156917363,0.010869994790424851,0.00024817708551268534,9.231999808073914e-05,0.022831389554234128,0.008493104169843934,0.10709676368825029,0.17258740009446105,173729,0.24872646478135488,1,0.4409028347578777
illicit,"marijuana,cocaine,crack,heroin,methamphetamine,inhalants,hallucinogens",50,30,0.7,0.38258113350364276,0.39299529702572994,0.38661188152713577,0.004754605989759123,0.0001529388434570872,7.663448471846839e-05,0.032166460015088515,0.0161179464467782,0.35754053329993996,0.08130923774957821,173729,0.24872646478135488,1,0.4409028347578777
illicit,"marijuana,cocaine,crack,heroin,methamphetamine,inhalants,hallucinogens",30,30,0.7,0.341165210410942,0.1321212805601039,0.1321212805601039,0.0036211629963585007,8.137202255057997e-05,8.137202255058002e-05,0.02247123993932584,0.022471239939325854,0.12366670487702437,0.06836581997949116,173729,0.24872646478135488,1,0.4409028347578777
nicotine,"tobacco,nicotine_vaping",639,30,0.7,0.4377513087019194,0.4115628239087873,0.10079104079637366,0.0581650287371821,0.0021201037687771686,0.00011547870508842517,0.036449801793390815,0.0019853631571337157,0.06924796225356189,0.45550912281450284,115739,0.2595927042742723,1,0.4409028347578777
nicotine,"tobacco,nicotine_vaping",639,30,0.7,0.4377513087019194,0.4115628239087873,0.10079104079637366,0.0581650287371821,0.0021201037687771686,0.00011547870508842517,0.036449801793390815,0.0019853631571337157,0.06924796225356189,0.45550912281450284,115739,0.2595927042742723,1,0.4409028347578777
nicotine,"tobacco,nicotine_vaping",500,30,0.7,0.4338589795098433,0.02527075812274368,0.15834555135427117,0.04884532494027799,0.0014803341041424584,0.00012791522073722682,0.030306566819904002,0.0026187812424960976,0.1102614734442017,0.4360913781403678,115739,0.2595927042742723,1,0.4409028347578777
nicotine,"tobacco,nicotine_vaping",200,30,0.7,0.42660253923926256,0.4113274828073263,0.4114285714285714,0.024800723587938486,0.0006956285129747848,0.00014825366283356244,0.028048718437920693,0.005977795861797504,0.3139597213013103,0.3104501740645875,115739,0.2595927042742723,1,0.4409028347578777
nicotine,"tobacco,nicotine_vaping",100,30,0.7,0.42635546113326156,0.40529043614316446,0.09203798392987582,0.016369224450252063,0.0003173488762523766,8.7767639913209e-05,0.019386921916602462,0.005361746989293528,0.07741913251344927,0.18882737305131847,115739,0.2595927042742723,1,0.4409028347578777
nicotine,"tobacco,nicotine_vaping",50,30,0.7,0.4173686778337941,0.06299366162847392,0.04231197489624456,0.00940601574490652,0.00011076424013093224,7.10466762480098e-05,0.011775893548861271,0.007553323125839174,0.03828433393741243,0.10520337027193823,115739,0.2595927042742723,1,0.4409028347578777
nicotine,"tobacco,nicotine_vaping",30,30,0.7,0.3900504987270982,0.07267909529667833,0.07267909529667833,0.006992898468965434,8.46305232778306e-05,8.46305232778306e-05,0.012102352644389427,0.012102352644389427,0.0675111107720224,0.07655013323818136,115739,0.2595927042742723,1,0.4409028347578777
prescription_misuse,"opioid_misuse,tranquilizer_misuse,sedative_misuse,stimulant_misuse,pain_reliever_misuse",639,30,0.7,0.4872345648705045,0.48383945883690754,0.4650416618920556,0.02312494244032078,0.0014486058114735023,7.161084415352632e-05,0.06264256939068981,0.003096692860461579,0.3223557757033008,0.44263480583665477,173729,0.3195033644354138,1,0.4409028347578777
prescription_misuse,"opioid_misuse,tranquilizer_misuse,sedative_misuse,stimulant_misuse,pain_reliever_misuse",639,30,0.7,0.4872345648705045,0.48383945883690754,0.4650416618920556,0.02312494244032078,0.0014486058114735023,7.161084415352632e-05,0.06264256939068981,0.003096692860461579,0.3223557757033008,0.44263480583665477,173729,0.3195033644354138,1,0.4409028347578777
prescription_misuse,"opioid_misuse,tranquilizer_misuse,sedative_misuse,stimulant_misuse,pain_reliever_misuse",500,30,0.7,0.48851618914511996,0.48399126001456666,0.4693685803009794,0.021098258323166048,0.001089286066156586,6.513653530794807e-05,0.051629193721670456,0.003087294425456326,0.3309039995004326,0.4184433582234952,173729,0.3195033644354138,1,0.4409028347578777
prescription_misuse,"opioid_misuse,tranquilizer_misuse,sedative_misuse,stimulant_misuse,pain_reliever_misuse",200,30,0.7,0.48812376763233734,0.48151824471473653,0.46769808389435524,0.011953532387043098,0.0004869596062980658,0.0001007244893842128,0.04073771589274317,0.008426336761624707,0.3648385631517988,0.2819316024434609,173729,0.3195033644354138,1,0.4409028347578777
prescription_misuse,"opioid_misuse,tranquilizer_misuse,sedative_misuse,stimulant_misuse,pain_reliever_misuse",100,30,0.7,0.4859601232380314,0.48175139322089017,0.26187163295158583,0.007011919025747013,0.0002112546875590065,5.5207066368518146e-05,0.030127941692324453,0.007873317727401548,0.22332802904968108,0.17258740009446105,173729,0.3195033644354138,1,0.4409028347578777
prescription_misuse,"opioid_misuse,tranquilizer_misuse,sedative_misuse,stimulant_misuse,pain_reliever_misuse",50,30,0.7,0.4578035585242476,0.22003976143141152,0.19188913450093523,0.004107915383927057,8.129765084642073e-05,5.766385961679041e-05,0.019790488179116862,0.014037255938233397,0.1774599973827053,0.08130923774957821,173729,0.3195033644354138,1,0.4409028347578777
prescription_misuse,"opioid_misuse,tranquilizer_misuse,sedative_misuse,stimulant_misuse,pain_reliever_misuse",30,30,0.7,0.4346982853616609,0.474939157758541,0.474939157758541,0.0034370182485666707,5.371462522065244e-05,5.371462522065244e-05,0.015628263028004838,0.015628263028004838,0.4445473159817656,0.06836581997949116,173729,0.3195033644354138,1,0.4409028347578777
